{"MAE_train": 1.9613043008901194, "MAE_test": 1.9724957090045787, "RMSE_train": 2.707721156837655, "RMSE_test": 2.7211859287062823, "R\u00b2_train": 0.756856688893879, "R\u00b2_test": 0.7554709738626362}